post_title,post_name,post_parent,ID,post_content,post_excerpt,post_status,post_password,menu_order,post_date,post_author,comment_status,sku,parent_sku,children,downloadable,virtual,stock,regular_price,sale_price,weight,length,width,height,tax_class,stock_status,backorders,sold_individually,low_stock_amount,manage_stock,tax_status,upsell_ids,crosssell_ids,featured,purchase_note,sale_price_dates_from,sale_price_dates_to,download_limit,download_expiry,product_url,button_text,images,downloadable_files,product_page_url,tax:store,tax:product_brand,tax:product_type,tax:product_visibility,tax:product_cat,tax:product_tag,tax:product_shipping_class,tax:pos_product_visibility,meta:allow_best_price,meta:amazonS3_cache,meta:chosen_product_cat,meta:dokan_geo_address,meta:dokan_geo_latitude,meta:dokan_geo_longitude,meta:dokan_geo_public,meta:freight_class,meta:is_editor_choice,meta:om_disable_all_campaigns,meta:pageview,meta:post_wish_count,meta:rank_math_canonical_url,meta:rank_math_contentai_score,meta:rank_math_description,meta:rank_math_facebook_description,meta:rank_math_facebook_image,meta:rank_math_facebook_title,meta:rank_math_focus_keyword,meta:rank_math_internal_links_processed,meta:rank_math_lock_modified_date,meta:rank_math_og_content_image,meta:rank_math_primary_product_brand,meta:rank_math_primary_product_cat,meta:rank_math_primary_store,meta:rank_math_seo_score,meta:rank_math_title,meta:rank_math_twitter_description,meta:rank_math_twitter_image,meta:rank_math_twitter_title,meta:rank_math_twitter_use_facebook,meta:rehub_views,meta:rehub_views_day,meta:rehub_views_mon,meta:rehub_views_year,meta:shipperhq_dim_group,meta:shipperhq_hs_code,meta:shipperhq_shipping_group,meta:shipperhq_warehouse,meta:total_sales,meta:wc_booking_resource_label,meta:attribute_color,meta:attribute_pa_color,meta:attribute_pa_size,meta:attribute_size,"attribute:Auto Refill Option","attribute_data:Auto Refill Option","attribute_default:Auto Refill Option",attribute:Color:,attribute_data:Color:,attribute_default:Color:,attribute:Condition,attribute_data:Condition,attribute_default:Condition,"attribute:Diesel Fuel Model - Double","attribute_data:Diesel Fuel Model - Double","attribute_default:Diesel Fuel Model - Double","attribute:Diesel Fuel Model - Single","attribute_data:Diesel Fuel Model - Single","attribute_default:Diesel Fuel Model - Single","attribute:Dual Fuel - Gasoline & Diesel","attribute_data:Dual Fuel - Gasoline & Diesel","attribute_default:Dual Fuel - Gasoline & Diesel","attribute:Gasoline Model - Double","attribute_data:Gasoline Model - Double","attribute_default:Gasoline Model - Double","attribute:Gasoline Model - Single","attribute_data:Gasoline Model - Single","attribute_default:Gasoline Model - Single","attribute:Hazmat + Fee","attribute_data:Hazmat + Fee","attribute_default:Hazmat + Fee","attribute:Manual Refill Option","attribute_data:Manual Refill Option","attribute_default:Manual Refill Option",attribute:Size,attribute_data:Size,attribute_default:Size,attribute:Title,attribute_data:Title,attribute_default:Title,attribute:pa_bincolor,attribute_data:pa_bincolor,attribute_default:pa_bincolor,attribute:pa_cabinetcolor,attribute_data:pa_cabinetcolor,attribute_default:pa_cabinetcolor,attribute:pa_color,attribute_data:pa_color,attribute_default:pa_color,attribute:pa_diesel-hose-reels,attribute_data:pa_diesel-hose-reels,attribute_default:pa_diesel-hose-reels,attribute:pa_diesel-pumps,attribute_data:pa_diesel-pumps,attribute_default:pa_diesel-pumps,attribute:pa_gas-hose-reels,attribute_data:pa_gas-hose-reels,attribute_default:pa_gas-hose-reels,attribute:pa_gas-pumps,attribute_data:pa_gas-pumps,attribute_default:pa_gas-pumps,attribute:pa_quantity,attribute_data:pa_quantity,attribute_default:pa_quantity,attribute:pa_scent,attribute_data:pa_scent,attribute_default:pa_scent,attribute:pa_size,attribute_data:pa_size,attribute_default:pa_size,attribute:pa_solar-packages,attribute_data:pa_solar-packages,attribute_default:pa_solar-packages,attribute:pa_style,attribute_data:pa_style,attribute_default:pa_style
"F-Top U-Bolt Top Plates - 101058",f-top-u-bolt-top-plates-101058,,63300,"Universal, fits driver and passenger side
Fits 3-1/2in thru 4-1/2in axle tubes with 3in wide springs
Used to convert any square U-Bolt or U-Bolt up application to an F-Top U-Bolts Down application
Use in conjunction with our 101044/101045 under axle traction bar mounting plates
S&B Stocks F-Top U-Bolts from 11"" through 21""",,publish,,0,"2025-09-25 22:37:44",52,open,101058,,,no,no,,120.00,,,,,,,instock,no,no,,no,taxable,,,,,,,'-1,'-1,,,"https://fuel1direct.com/wp-content/uploads/2025/09/101058-02.jpg ! alt :  ! title :  ! desc :  ! caption : ",,https://fuel1direct.com/product/f-top-u-bolt-top-plates-101058/,,"S&B Filters",simple,,"Trucks: Lifts Kits, Wheel Packages & Customization > Suspension & Lift Kits - Trucks > Air Ride & Load-Leveling Kits - Truck",,,,,,[4678],"Florida, United States",28.944465,'-82.03363,1,,,,4,,,,,,,,,1,,,,,,,,,,,,6,1,2,3,,,,,0,,,,,,,,,,,,,,,,,,,,,,,,,,,,,,,,,,,,,,,,,,,,,,,,,,,,,,,,,,,,,,,,,,,,,,,,,,,,,
"F Top U Bolt Air Bag Mount for Over Spring Bags - 101068",f-top-u-bolt-air-bag-mount-for-over-spring-bags-101068,,63302,"2011+ F250 and F350 Trucks
Does Not Fit F450 without bump stop modification.
Replaces the bad idea spring clamp mounting that comes with the bag kit.
Has Air Bag Adapter Plates for outside the frame Dual bags.
Functional with and incudes the Ball for Weight Scale.Â 
Used with 88-22110 88-23110 88-23170 88-21150-1 88-22170",,publish,,0,"2025-09-25 22:37:47",52,open,101068,,,no,no,,225.00,,,,,,,instock,no,no,,no,taxable,,,,,,,'-1,'-1,,,"https://fuel1direct.com/wp-content/uploads/2025/09/101068-4.jpg ! alt :  ! title :  ! desc :  ! caption : ",,https://fuel1direct.com/product/f-top-u-bolt-air-bag-mount-for-over-spring-bags-101068/,,"S&B Filters",simple,,"Trucks: Lifts Kits, Wheel Packages & Customization > Suspension & Lift Kits - Trucks > Air Ride & Load-Leveling Kits - Truck",,,,,,[4678],"Florida, United States",28.944465,'-82.03363,1,,,,3,,,,,,,,,1,,,,,,,,,,,,7,1,1,4,,,,,0,,,,,,,,,,,,,,,,,,,,,,,,,,,,,,,,,,,,,,,,,,,,,,,,,,,,,,,,,,,,,,,,,,,,,,,,,,,,,
"2.0"" AIR BAG SPACER",2-0-air-bag-spacer,,215288,"The 2.0"" AIR BAG SPACER delivers reliable performance and a bold lifted look for your truck. Built from premium materials for long-lasting durability, it improves clearance and off-road handling. Engineered for a precise fit and professional-quality ride whether you’re on the highway or trail. WARNING: This product can expose you to chemicals including Di(2-ethylhexyl)phthalate (DEHP), which is known to the State of California to cause cancer, and birth defects or other reproductive harm. For more information go to www.P65Warnings.ca.gov/product.","2.0"" AIR BAG SPACER — enhances your truck’s stance, performance, and ride quality. Perfect fit for most trucks.",publish,,0,"2025-10-30 20:37:55",52,open," 66-1302",,,no,no,,109.95,,,,,,,instock,no,no,,no,taxable,,,,,,,'-1,'-1,,,"https://fuel1direct.com/wp-content/uploads/2025/10/66-1302.jpg ! alt :  ! title :  ! desc :  ! caption : ",,https://fuel1direct.com/product/2-0-air-bag-spacer/,,ReadyLift,simple,,"Trucks: Lifts Kits, Wheel Packages & Customization > Suspension & Lift Kits - Trucks > Air Ride & Load-Leveling Kits - Truck",ReadyLift,,,,,[4678],"Florida, United States",28.944465,'-82.03363,1,,,,6,,,,,,,,,1,,,,,,,,,,,,8,1,2,6,,,,,0,,,,,,,,,,,,,,,,,,,,,,,,,,,,,,,,,,,,,,,,,,,,,,,,,,,,,,,,,,,,,,,,,,,,,,,,,,,,,
"AIR SPRING SPACER KIT FOR 1"" TO 6"" LIFTS (FOR USE WITH AIR SPRING IQ-ASA-9000-LP)",air-spring-spacer-kit-for-1-to-6-lifts-for-use-with-air-spring-iq-asa-9000-lp,,215292,"The AIR SPRING SPACER KIT FOR 1"" TO 6"" LIFTS (FOR USE WITH AIR SPRING IQ-ASA-9000-LP) delivers reliable performance and a bold lifted look for your truck. Built from premium materials for long-lasting durability, it improves clearance and off-road handling. Includes key components for easy installation. Engineered for a precise fit and professional-quality ride whether you’re on the highway or trail. WARNING: This product can expose you to chemicals including Di(2-ethylhexyl)phthalate (DEHP), which is known to the State of California to cause cancer, and birth defects or other reproductive harm. For more information go to www.P65Warnings.ca.gov/product.","AIR SPRING SPACER KIT FOR 1"" TO 6"" LIFTS (FOR USE WITH AIR SPRING IQ-ASA-9000-LP) — enhances your truck’s stance, performance, and ride quality. Perfect fit for most trucks.",publish,,0,"2025-10-30 20:38:04",52,open," 88-91006",,,no,no,,119.95,,,,,,,instock,no,no,,no,taxable,,,,,,,'-1,'-1,,,"https://fuel1direct.com/wp-content/uploads/2025/10/logiq-88-91006.jpg ! alt :  ! title :  ! desc :  ! caption : ",,https://fuel1direct.com/product/air-spring-spacer-kit-for-1-to-6-lifts-for-use-with-air-spring-iq-asa-9000-lp/,,ReadyLift,simple,,"Trucks: Lifts Kits, Wheel Packages & Customization > Suspension & Lift Kits - Trucks > Air Ride & Load-Leveling Kits - Truck",ReadyLift,,,,,[4678],"Florida, United States",28.944465,'-82.03363,1,,,,5,,,,,,,,,1,,,,,,,,,,,,5,1,1,2,,,,,0,,,,,,,,,,,,,,,,,,,,,,,,,,,,,,,,,,,,,,,,,,,,,,,,,,,,,,,,,,,,,,,,,,,,,,,,,,,,,
"LOGIQ 2015+ Ford F-150 - Air Spring Kit",logiq-2015-ford-f-150-air-spring-kit,,215619,"The LOGIQ 2015+ Ford F-150 - Air Spring Kit delivers reliable performance and a bold lifted look for your truck. Built from premium materials for long-lasting durability, it improves clearance and off-road handling. Includes key components for easy installation. Engineered for a precise fit and professional-quality ride whether you’re on the highway or trail. WARNING: This product can expose you to chemicals including Di(2-ethylhexyl)phthalate (DEHP), which is known to the State of California to cause cancer, and birth defects or other reproductive harm. For more information go to www.P65Warnings.ca.gov/product.","LOGIQ 2015+ Ford F-150 - Air Spring Kit — enhances your truck’s stance, performance, and ride quality. Perfect fit for Ford.",publish,,0,"2025-10-30 21:01:19",52,open," 88-21150",,,no,no,,549.95,,,,,,,instock,no,no,,no,taxable,,,,,,,'-1,'-1,,,"https://fuel1direct.com/wp-content/uploads/2025/10/21150-web.jpg ! alt :  ! title :  ! desc :  ! caption : ",,https://fuel1direct.com/product/logiq-2015-ford-f-150-air-spring-kit/,,ReadyLift,simple,,"Trucks: Lifts Kits, Wheel Packages & Customization > Suspension & Lift Kits - Trucks > Air Ride & Load-Leveling Kits - Truck",ReadyLift,,,,,[4678],"Florida, United States",28.944465,'-82.03363,1,,,,2,,,,,,,,,1,,,,,,,,,,,,5,1,1,4,,,,,0,,,,,,,,,,,,,,,,,,,,,,,,,,,,,,,,,,,,,,,,,,,,,,,,,,,,,,,,,,,,,,,,,,,,,,,,,,,,,
"LOGIQ 2009-2014 Ford F-150 - Air Spring Kit",logiq-2009-2014-ford-f-150-air-spring-kit,,215620,"The LOGIQ 2009-2014 Ford F-150 - Air Spring Kit delivers reliable performance and a bold lifted look for your truck. Built from premium materials for long-lasting durability, it improves clearance and off-road handling. Includes key components for easy installation. Engineered for a precise fit and professional-quality ride whether you’re on the highway or trail. WARNING: This product can expose you to chemicals including Di(2-ethylhexyl)phthalate (DEHP), which is known to the State of California to cause cancer, and birth defects or other reproductive harm. For more information go to www.P65Warnings.ca.gov/product.","LOGIQ 2009-2014 Ford F-150 - Air Spring Kit — enhances your truck’s stance, performance, and ride quality. Perfect fit for 2009-2014.",publish,,0,"2025-10-30 21:01:21",52,open," 88-21090",,,no,no,,549.95,,,,,,,instock,no,no,,no,taxable,,,,,,,'-1,'-1,,,"https://fuel1direct.com/wp-content/uploads/2025/10/88-21090.jpg ! alt :  ! title :  ! desc :  ! caption : ",,https://fuel1direct.com/product/logiq-2009-2014-ford-f-150-air-spring-kit/,,ReadyLift,simple,,"Trucks: Lifts Kits, Wheel Packages & Customization > Suspension & Lift Kits - Trucks > Air Ride & Load-Leveling Kits - Truck",ReadyLift,,,,,[4678],"Florida, United States",28.944465,'-82.03363,1,,,,6,,,,,,,,,1,,,,,,,,,,,,12,1,1,3,,,,,0,,,,,,,,,,,,,,,,,,,,,,,,,,,,,,,,,,,,,,,,,,,,,,,,,,,,,,,,,,,,,,,,,,,,,,,,,,,,,
"LOGIQ 2007-2021 Toyota Tundra - Air Spring Kit",logiq-2007-2021-toyota-tundra-air-spring-kit,,215621,"The LOGIQ 2007-2021 Toyota Tundra - Air Spring Kit delivers reliable performance and a bold lifted look for your truck. Built from premium materials for long-lasting durability, it improves clearance and off-road handling. Includes key components for easy installation. Engineered for a precise fit and professional-quality ride whether you’re on the highway or trail. WARNING: This product can expose you to chemicals including Di(2-ethylhexyl)phthalate (DEHP), which is known to the State of California to cause cancer, and birth defects or other reproductive harm. For more information go to www.P65Warnings.ca.gov/product.","LOGIQ 2007-2021 Toyota Tundra - Air Spring Kit — enhances your truck’s stance, performance, and ride quality. Perfect fit for 2007-2021.",publish,,0,"2025-10-30 21:01:24",52,open," 88-52070",,,no,no,,549.95,,,,,,,instock,no,no,,no,taxable,,,,,,,'-1,'-1,,,"https://fuel1direct.com/wp-content/uploads/2025/10/88-52070-web_square.jpg ! alt :  ! title :  ! desc :  ! caption : ",,https://fuel1direct.com/product/logiq-2007-2021-toyota-tundra-air-spring-kit/,,ReadyLift,simple,,"Trucks: Lifts Kits, Wheel Packages & Customization > Suspension & Lift Kits - Trucks > Air Ride & Load-Leveling Kits - Truck",ReadyLift,,,,,[4678],"Florida, United States",28.944465,'-82.03363,1,,,,2,,,,,,,,,1,,,,,,,,,,,,4,1,1,2,,,,,0,,,,,,,,,,,,,,,,,,,,,,,,,,,,,,,,,,,,,,,,,,,,,,,,,,,,,,,,,,,,,,,,,,,,,,,,,,,,,
"LOGIQ 2007-2018 GM 1500 - Air Spring Kit",logiq-2007-2018-gm-1500-air-spring-kit,,215622,"The LOGIQ 2007-2018 GM 1500 - Air Spring Kit delivers reliable performance and a bold lifted look for your truck. Built from premium materials for long-lasting durability, it improves clearance and off-road handling. Includes key components for easy installation. Engineered for a precise fit and professional-quality ride whether you’re on the highway or trail. WARNING: This product can expose you to chemicals including Di(2-ethylhexyl)phthalate (DEHP), which is known to the State of California to cause cancer, and birth defects or other reproductive harm. For more information go to www.P65Warnings.ca.gov/product.","LOGIQ 2007-2018 GM 1500 - Air Spring Kit — enhances your truck’s stance, performance, and ride quality. Perfect fit for 2007-2018.",publish,,0,"2025-10-30 21:01:26",52,open," 88-31070",,,no,no,,549.95,,,,,,,instock,no,no,,no,taxable,,,,,,,'-1,'-1,,,"https://fuel1direct.com/wp-content/uploads/2025/10/88-31070-websquare.jpg ! alt :  ! title :  ! desc :  ! caption : ",,https://fuel1direct.com/product/logiq-2007-2018-gm-1500-air-spring-kit/,,ReadyLift,simple,,"Trucks: Lifts Kits, Wheel Packages & Customization > Suspension & Lift Kits - Trucks > Air Ride & Load-Leveling Kits - Truck",ReadyLift,,,,,[4678],"Florida, United States",28.944465,'-82.03363,1,,,,1,,,,,,,,,1,,,,,,,,,,,,5,1,4,4,,,,,0,,,,,,,,,,,,,,,,,,,,,,,,,,,,,,,,,,,,,,,,,,,,,,,,,,,,,,,,,,,,,,,,,,,,,,,,,,,,,
"LOGIQ 2019+ GM 1500 - Air Spring Kit",logiq-2019-gm-1500-air-spring-kit,,215623,"The LOGIQ 2019+ GM 1500 - Air Spring Kit delivers reliable performance and a bold lifted look for your truck. Built from premium materials for long-lasting durability, it improves clearance and off-road handling. Engineered for a precise fit and professional-quality ride whether you’re on the highway or trail. WARNING: This product can expose you to chemicals including Di(2-ethylhexyl)phthalate (DEHP), which is known to the State of California to cause cancer, and birth defects or other reproductive harm. For more information go to www.P65Warnings.ca.gov/product.","LOGIQ 2019+ GM 1500 - Air Spring Kit — enhances your truck’s stance, performance, and ride quality. Perfect fit for Air.",publish,,0,"2025-10-30 21:01:28",52,open," 88-31190",,,no,no,,549.95,,,,,,,instock,no,no,,no,taxable,,,,,,,'-1,'-1,,,"https://fuel1direct.com/wp-content/uploads/2025/10/88-31190-websquare.jpg ! alt :  ! title :  ! desc :  ! caption : ",,https://fuel1direct.com/product/logiq-2019-gm-1500-air-spring-kit/,,ReadyLift,simple,,"Trucks: Lifts Kits, Wheel Packages & Customization > Suspension & Lift Kits - Trucks > Air Ride & Load-Leveling Kits - Truck",ReadyLift,,,,,[4678],"Florida, United States",28.944465,'-82.03363,1,,,,4,,,,,,,,,1,,,,,,,,,,,,4,1,2,3,,,,,0,,,,,,,,,,,,,,,,,,,,,,,,,,,,,,,,,,,,,,,,,,,,,,,,,,,,,,,,,,,,,,,,,,,,,,,,,,,,,
"AIR SPRING SPACER KIT FOR 1"" TO 3"" LIFTS (FOR USE WITH AIR SPRING IQ-ASA-9000-LP)",air-spring-spacer-kit-for-1-to-3-lifts-for-use-with-air-spring-iq-asa-9000-lp,,215642,"The AIR SPRING SPACER KIT FOR 1"" TO 3"" LIFTS (FOR USE WITH AIR SPRING IQ-ASA-9000-LP) delivers reliable performance and a bold lifted look for your truck. Built from premium materials for long-lasting durability, it improves clearance and off-road handling. Includes key components for easy installation. Engineered for a precise fit and professional-quality ride whether you’re on the highway or trail. WARNING: This product can expose you to chemicals including Di(2-ethylhexyl)phthalate (DEHP), which is known to the State of California to cause cancer, and birth defects or other reproductive harm. For more information go to www.P65Warnings.ca.gov/product.","AIR SPRING SPACER KIT FOR 1"" TO 3"" LIFTS (FOR USE WITH AIR SPRING IQ-ASA-9000-LP) — enhances your truck’s stance, performance, and ride quality. Perfect fit for most trucks.",publish,,0,"2025-10-30 21:02:49",52,open," 88-91003",,,no,no,,59.95,,,,,,,instock,no,no,,no,taxable,,,,,,,'-1,'-1,,,"https://fuel1direct.com/wp-content/uploads/2025/10/logiq-88-91003.jpg ! alt :  ! title :  ! desc :  ! caption : ",,https://fuel1direct.com/product/air-spring-spacer-kit-for-1-to-3-lifts-for-use-with-air-spring-iq-asa-9000-lp/,,ReadyLift,simple,,"Trucks: Lifts Kits, Wheel Packages & Customization > Suspension & Lift Kits - Trucks > Air Ride & Load-Leveling Kits - Truck",ReadyLift,,,,,[4678],"Florida, United States",28.944465,'-82.03363,1,,,,5,,,,,,,,,1,,,,,,,,,,,,7,1,4,6,,,,,0,,,,,,,,,,,,,,,,,,,,,,,,,,,,,,,,,,,,,,,,,,,,,,,,,,,,,,,,,,,,,,,,,,,,,,,,,,,,,
"2009+ RAM 1500 - Air Spring Kit",2009-ram-1500-air-spring-kit,,215679,"The 2009+ RAM 1500 - Air Spring Kit delivers reliable performance and a bold lifted look for your truck. Built from premium materials for long-lasting durability, it improves clearance and off-road handling. Includes key components for easy installation. Engineered for a precise fit and professional-quality ride whether you’re on the highway or trail. WARNING: This product can expose you to chemicals including Di(2-ethylhexyl)phthalate (DEHP), which is known to the State of California to cause cancer, and birth defects or other reproductive harm. For more information go to www.P65Warnings.ca.gov/product.","2009+ RAM 1500 - Air Spring Kit — enhances your truck’s stance, performance, and ride quality. Perfect fit for Air.",publish,,0,"2025-10-30 21:05:21",52,open," 89-11090",,,no,no,,699.95,,,,,,,instock,no,no,,no,taxable,,,,,,,'-1,'-1,,,"https://fuel1direct.com/wp-content/uploads/2025/10/176c9e70fdaf8e6a41141aac2e27f455.png ! alt :  ! title :  ! desc :  ! caption : ",,https://fuel1direct.com/product/2009-ram-1500-air-spring-kit/,,ReadyLift,simple,,"Trucks: Lifts Kits, Wheel Packages & Customization > Suspension & Lift Kits - Trucks > Air Ride & Load-Leveling Kits - Truck",ReadyLift,,,,,[4678],"Florida, United States",28.944465,'-82.03363,1,,,,6,,,,,,,,,1,,,,,,,,,,,,10,1,2,8,,,,,0,,,,,,,,,,,,,,,,,,,,,,,,,,,,,,,,,,,,,,,,,,,,,,,,,,,,,,,,,,,,,,,,,,,,,,,,,,,,,
"LOGIQ 2017-2022 Ford F-250 / F-350 / F-450 - Air Spring Kit",logiq-2017-2022-ford-f-250-f-350-f-450-air-spring-kit,,215716,"The LOGIQ 2017-2022 Ford F-250 / F-350 / F-450 - Air Spring Kit delivers reliable performance and a bold lifted look for your truck. Built from premium materials for long-lasting durability, it improves clearance and off-road handling. Includes key components for easy installation. Engineered for a precise fit and professional-quality ride whether you’re on the highway or trail. WARNING: This product can expose you to chemicals including Di(2-ethylhexyl)phthalate (DEHP), which is known to the State of California to cause cancer, and birth defects or other reproductive harm. For more information go to www.P65Warnings.ca.gov/product.","LOGIQ 2017-2022 Ford F-250 / F-350 / F-450 - Air Spring Kit — enhances your truck’s stance, performance, and ride quality. Perfect fit for 2017-2022.",publish,,0,"2025-10-30 21:08:18",52,open," 88-23170",,,no,no,,899.95,,,,,,,instock,no,no,,no,taxable,,,,,,,'-1,'-1,,,"https://fuel1direct.com/wp-content/uploads/2025/10/88-23170-web.jpg ! alt :  ! title :  ! desc :  ! caption : ",,https://fuel1direct.com/product/logiq-2017-2022-ford-f-250-f-350-f-450-air-spring-kit/,,ReadyLift,simple,,"Trucks: Lifts Kits, Wheel Packages & Customization > Suspension & Lift Kits - Trucks > Air Ride & Load-Leveling Kits - Truck",ReadyLift,,,,,[4678],"Florida, United States",28.944465,'-82.03363,1,,,,7,,,,,,,,,1,,,,,,,,,,,,10,1,2,7,,,,,0,,,,,,,,,,,,,,,,,,,,,,,,,,,,,,,,,,,,,,,,,,,,,,,,,,,,,,,,,,,,,,,,,,,,,,,,,,,,,
"LOGIQ 2011-2016 Ford F-250 / F-350 - Air Spring Kit",logiq-2011-2016-ford-f-250-f-350-air-spring-kit,,215717,"The LOGIQ 2011-2016 Ford F-250 / F-350 - Air Spring Kit delivers reliable performance and a bold lifted look for your truck. Built from premium materials for long-lasting durability, it improves clearance and off-road handling. Includes key components for easy installation. Engineered for a precise fit and professional-quality ride whether you’re on the highway or trail. WARNING: This product can expose you to chemicals including Di(2-ethylhexyl)phthalate (DEHP), which is known to the State of California to cause cancer, and birth defects or other reproductive harm. For more information go to www.P65Warnings.ca.gov/product.","LOGIQ 2011-2016 Ford F-250 / F-350 - Air Spring Kit — enhances your truck’s stance, performance, and ride quality. Perfect fit for 2011-2016.",publish,,0,"2025-10-30 21:08:20",52,open," 88-23110",,,no,no,,899.95,,,,,,,instock,no,no,,no,taxable,,,,,,,'-1,'-1,,,"https://fuel1direct.com/wp-content/uploads/2025/10/88-23110.jpg ! alt :  ! title :  ! desc :  ! caption : ",,https://fuel1direct.com/product/logiq-2011-2016-ford-f-250-f-350-air-spring-kit/,,ReadyLift,simple,,"Trucks: Lifts Kits, Wheel Packages & Customization > Suspension & Lift Kits - Trucks > Air Ride & Load-Leveling Kits - Truck",ReadyLift,,,,,[4678],"Florida, United States",28.944465,'-82.03363,1,,,,3,,,,,,,,,1,,,,,,,,,,,,4,1,1,2,,,,,0,,,,,,,,,,,,,,,,,,,,,,,,,,,,,,,,,,,,,,,,,,,,,,,,,,,,,,,,,,,,,,,,,,,,,,,,,,,,,
"LOGIQ 2020+ GM 2500 / 3500 - Air Spring Kit",logiq-2020-gm-2500-3500-air-spring-kit,,215718,"The LOGIQ 2020+ GM 2500 / 3500 - Air Spring Kit delivers reliable performance and a bold lifted look for your truck. Built from premium materials for long-lasting durability, it improves clearance and off-road handling. Includes key components for easy installation. Engineered for a precise fit and professional-quality ride whether you’re on the highway or trail. WARNING: This product can expose you to chemicals including Di(2-ethylhexyl)phthalate (DEHP), which is known to the State of California to cause cancer, and birth defects or other reproductive harm. For more information go to www.P65Warnings.ca.gov/product.","LOGIQ 2020+ GM 2500 / 3500 - Air Spring Kit — enhances your truck’s stance, performance, and ride quality. Perfect fit for Air.",publish,,0,"2025-10-30 21:08:23",52,open," 88-33200",,,no,no,,899.95,,,,,,,instock,no,no,,no,taxable,,,,,,,'-1,'-1,,,"https://fuel1direct.com/wp-content/uploads/2025/10/88-33200-web.jpg ! alt :  ! title :  ! desc :  ! caption : ",,https://fuel1direct.com/product/logiq-2020-gm-2500-3500-air-spring-kit/,,ReadyLift,simple,,"Trucks: Lifts Kits, Wheel Packages & Customization > Suspension & Lift Kits - Trucks > Air Ride & Load-Leveling Kits - Truck",ReadyLift,,,,,[4678],"Florida, United States",28.944465,'-82.03363,1,,,,6,,,,,,,,,1,,,,,,,,,,,,7,1,1,3,,,,,0,,,,,,,,,,,,,,,,,,,,,,,,,,,,,,,,,,,,,,,,,,,,,,,,,,,,,,,,,,,,,,,,,,,,,,,,,,,,,
"LOGIQ 2011-2019 GM 2500 / 3500 - Air Spring Kit",logiq-2011-2019-gm-2500-3500-air-spring-kit,,215719,"The LOGIQ 2011-2019 GM 2500 / 3500 - Air Spring Kit delivers reliable performance and a bold lifted look for your truck. Built from premium materials for long-lasting durability, it improves clearance and off-road handling. Includes key components for easy installation. Engineered for a precise fit and professional-quality ride whether you’re on the highway or trail. WARNING: This product can expose you to chemicals including Di(2-ethylhexyl)phthalate (DEHP), which is known to the State of California to cause cancer, and birth defects or other reproductive harm. For more information go to www.P65Warnings.ca.gov/product.","LOGIQ 2011-2019 GM 2500 / 3500 - Air Spring Kit — enhances your truck’s stance, performance, and ride quality. Perfect fit for 2011-2019.",publish,,0,"2025-10-30 21:08:26",52,open," 88-33110",,,no,no,,899.95,,,,,,,instock,no,no,,no,taxable,,,,,,,'-1,'-1,,,"https://fuel1direct.com/wp-content/uploads/2025/10/88-33110.jpg ! alt :  ! title :  ! desc :  ! caption : ",,https://fuel1direct.com/product/logiq-2011-2019-gm-2500-3500-air-spring-kit/,,ReadyLift,simple,,"Trucks: Lifts Kits, Wheel Packages & Customization > Suspension & Lift Kits - Trucks > Air Ride & Load-Leveling Kits - Truck",ReadyLift,,,,,[4678],"Florida, United States",28.944465,'-82.03363,1,,,,5,,,,,,,,,1,,,,,,,,,,,,7,1,1,7,,,,,0,,,,,,,,,,,,,,,,,,,,,,,,,,,,,,,,,,,,,,,,,,,,,,,,,,,,,,,,,,,,,,,,,,,,,,,,,,,,,
"LOGIQ 2013+ RAM 3500 - Air Spring Kit",logiq-2013-ram-3500-air-spring-kit,,215721,"The LOGIQ 2013+ RAM 3500 - Air Spring Kit delivers reliable performance and a bold lifted look for your truck. Built from premium materials for long-lasting durability, it improves clearance and off-road handling. Includes key components for easy installation. Engineered for a precise fit and professional-quality ride whether you’re on the highway or trail. WARNING: This product can expose you to chemicals including Di(2-ethylhexyl)phthalate (DEHP), which is known to the State of California to cause cancer, and birth defects or other reproductive harm. For more information go to www.P65Warnings.ca.gov/product.","LOGIQ 2013+ RAM 3500 - Air Spring Kit — enhances your truck’s stance, performance, and ride quality. Perfect fit for Air.",publish,,0,"2025-10-30 21:08:32",52,open," 88-13130",,,no,no,,899.95,,,,,,,instock,no,no,,no,taxable,,,,,,,'-1,'-1,,,"https://fuel1direct.com/wp-content/uploads/2025/10/88-13130-websquare.jpg ! alt :  ! title :  ! desc :  ! caption : ",,https://fuel1direct.com/product/logiq-2013-ram-3500-air-spring-kit/,,ReadyLift,simple,,"Trucks: Lifts Kits, Wheel Packages & Customization > Suspension & Lift Kits - Trucks > Air Ride & Load-Leveling Kits - Truck",ReadyLift,,,,,[4678],"Florida, United States",28.944465,'-82.03363,1,,,,3,,,,,,,,,1,,,,,,,,,,,,3,1,1,2,,,,,0,,,,,,,,,,,,,,,,,,,,,,,,,,,,,,,,,,,,,,,,,,,,,,,,,,,,,,,,,,,,,,,,,,,,,,,,,,,,,
"LOGIQ 2023+ Ford F-250 / F-350 / F-450 - Air Spring Kit",logiq-2023-ford-f-250-f-350-f-450-air-spring-kit,,215722,"The LOGIQ 2023+ Ford F-250 / F-350 / F-450 - Air Spring Kit delivers reliable performance and a bold lifted look for your truck. Built from premium materials for long-lasting durability, it improves clearance and off-road handling. Engineered for a precise fit and professional-quality ride whether you’re on the highway or trail. WARNING: This product can expose you to chemicals including Di(2-ethylhexyl)phthalate (DEHP), which is known to the State of California to cause cancer, and birth defects or other reproductive harm. For more information go to www.P65Warnings.ca.gov/product.","LOGIQ 2023+ Ford F-250 / F-350 / F-450 - Air Spring Kit — enhances your truck’s stance, performance, and ride quality. Perfect fit for Ford.",publish,,0,"2025-10-30 21:08:35",52,open," 88-23230",,,no,no,,899.95,,,,,,,instock,no,no,,no,taxable,,,,,,,'-1,'-1,,,"https://fuel1direct.com/wp-content/uploads/2025/10/88-22230_and_88-23230-web_square-7-11-2023.jpg ! alt :  ! title :  ! desc :  ! caption : ",,https://fuel1direct.com/product/logiq-2023-ford-f-250-f-350-f-450-air-spring-kit/,,ReadyLift,simple,,"Trucks: Lifts Kits, Wheel Packages & Customization > Suspension & Lift Kits - Trucks > Air Ride & Load-Leveling Kits - Truck",ReadyLift,,,,,[4678],"Florida, United States",28.944465,'-82.03363,1,,,,4,,,,,,,,,1,,,,,,,,,,,,6,1,1,3,,,,,0,,,,,,,,,,,,,,,,,,,,,,,,,,,,,,,,,,,,,,,,,,,,,,,,,,,,,,,,,,,,,,,,,,,,,,,,,,,,,
"LOGIQ 2014+ RAM 2500 - Air Spring Kit (Coil Replacement)",logiq-2014-ram-2500-air-spring-kit-coil-replacement,,215736,"The LOGIQ 2014+ RAM 2500 - Air Spring Kit (Coil Replacement) delivers reliable performance and a bold lifted look for your truck. Built from premium materials for long-lasting durability, it improves clearance and off-road handling. Includes key components for easy installation. Engineered for a precise fit and professional-quality ride whether you’re on the highway or trail. WARNING: This product can expose you to chemicals including Di(2-ethylhexyl)phthalate (DEHP), which is known to the State of California to cause cancer, and birth defects or other reproductive harm. For more information go to www.P65Warnings.ca.gov/product.","LOGIQ 2014+ RAM 2500 - Air Spring Kit (Coil Replacement) — enhances your truck’s stance, performance, and ride quality. Perfect fit for Air.",publish,,0,"2025-10-30 21:09:38",52,open," 89-12140",,,no,no,,999.95,,,,,,,instock,no,no,,no,taxable,,,,,,,'-1,'-1,,,"https://fuel1direct.com/wp-content/uploads/2025/10/89-12140_websquare.jpg ! alt :  ! title :  ! desc :  ! caption : ",,https://fuel1direct.com/product/logiq-2014-ram-2500-air-spring-kit-coil-replacement/,,ReadyLift,simple,,"Trucks: Lifts Kits, Wheel Packages & Customization > Suspension & Lift Kits - Trucks > Air Ride & Load-Leveling Kits - Truck",ReadyLift,,,,,[4678],"Florida, United States",28.944465,'-82.03363,1,,,,6,,,,,,,,,1,,,,,,,,,,,,7,1,1,2,,,,,0,,,,,,,,,,,,,,,,,,,,,,,,,,,,,,,,,,,,,,,,,,,,,,,,,,,,,,,,,,,,,,,,,,,,,,,,,,,,,
